iter	Passed	Remaining
0	10	1071
1	17	871
2	25	808
3	32	784
4	45	861
5	54	861
6	61	820
7	68	792
8	75	767
9	82	746
10	89	721
11	98	723
12	108	725
13	114	703
14	119	676
15	125	656
16	130	635
17	134	614
18	140	600
19	145	582
20	151	570
21	158	560
22	162	544
23	168	532
24	173	520
25	180	512
26	187	505
27	191	492
28	198	484
29	202	473
30	207	461
31	212	451
32	217	442
33	221	430
34	226	421
35	233	414
36	237	404
37	243	397
38	250	392
39	255	383
40	261	376
41	268	370
42	273	362
43	278	355
44	283	347
45	288	338
46	292	330
47	296	321
48	301	313
49	306	306
50	310	298
51	315	290
52	319	283
53	324	276
54	328	268
55	332	261
56	339	256
57	344	249
58	349	242
59	353	235
60	358	229
61	362	222
62	366	215
63	371	208
64	376	202
65	380	196
66	385	189
67	390	183
68	394	177
69	399	171
70	403	164
71	407	158
72	412	152
73	416	146
74	422	140
75	426	134
76	431	128
77	439	123
78	444	118
79	450	112
80	456	107
81	461	101
82	465	95
83	470	89
84	474	83
85	479	78
86	483	72
87	488	66
88	493	60
89	497	55
90	503	49
91	507	44
92	511	38
93	515	32
94	520	27
95	525	21
96	529	16
97	534	10
98	540	5
99	544	0
